{
  "bias": 2084.952761650078,
  "log_words": 16013.786756273324,
  "question_marks": -8185.807020238103,
  "logic_words": -360.25103385859444,
  "constraint_words": -3904.506611884349,
  "multipart": -1866.2854070056974,
  "ambiguity": 0.0,
  "code_markers": 1912.17979459238,
  "numbers": -1281.9585969802888
}